<?xml version="1.0" encoding="UTF-8"?>

<!DOCTYPE mapper
        PUBLIC "-//mybatis.org//DTD Mapper 3.0//EN"
        "http://mybatis.org/dtd/mybatis-3-mapper.dtd">
<mapper namespace="com.xfl.langchain_springboot1.mapper.ChatMemoryMessageMapper">

<insert id="insert">
    insert into chat_memory_message (memory_id, message) values (#{memoryId}, #{message})
</insert>

<update id="update">
    update chat_memory_message set message = #{message} where memory_id = #{memoryId}
</update>

<delete id="deleteByMemoryId">
    delete from chat_memory_message where memory_id = #{memoryId}
</delete>

<select id="getByMemoryId" resultType="java.lang.String">
    select message from chat_memory_message where memory_id = #{memoryId}
</select>
</mapper>
